semaine,restaurant_1,restaurant_2,total
2015-01-05,109.55,,109.55
2015-01-12,,,
2015-01-19,,,
2015-01-26,,,
2015-02-02,,,
2015-02-09,117.85,,117.85
2015-02-16,,,
2015-02-23,,,
2015-03-02,,,
2015-03-09,,,
2015-03-16,,,
2015-03-23,,,
2015-03-30,,,
2015-04-06,,,
2015-04-13,,,
2015-04-20,,,
2015-04-27,,,
2015-05-04,,,
2015-05-11,,,
2015-05-18,,,
2015-05-25,,,
2015-06-01,,,
2015-06-08,,,
2015-06-15,,,
2015-06-22,,,
2015-06-29,,,
2015-07-06,,,
2015-07-13,,,
2015-07-20,,,
2015-07-27,,,
2015-08-03,11.850000000000001,,11.850000000000001
2015-08-10,,,
2015-08-17,,,
2015-08-24,,,
2015-08-31,,,
2015-09-07,23.700000000000003,,23.700000000000003
2015-09-14,,,
2015-09-21,,,
2015-09-28,149.55,,149.55
2015-10-05,,,
2015-10-12,,,
2015-10-19,,,
2015-10-26,,,
2015-11-02,,,
2015-11-09,,,
2015-11-16,,,
2015-11-23,,,
2015-11-30,,,
2015-12-07,,,
2015-12-14,,32.65,32.65
2015-12-21,,,
2015-12-28,,,
2016-01-04,1328.55,2162.75,3491.3
2016-01-11,470.0,422.2,892.2
2016-01-18,,,
2016-01-25,,,
2016-02-01,966.0,242.3,1208.3
2016-02-08,1471.1499999999999,2378.2,3849.3499999999995
2016-02-15,,,
2016-02-22,,,
2016-02-29,568.8,814.9,1383.6999999999998
2016-03-07,1781.3,3166.25,4947.55
2016-03-14,1726.55,,1726.55
2016-03-21,914.05,,914.05
2016-03-28,593.95,,593.95
2016-04-04,1221.5,1638.3,2859.8
2016-04-11,1619.3999999999999,1713.85,3333.25
2016-04-18,1584.5,,1584.5
2016-04-25,842.9499999999999,,842.9499999999999
2016-05-02,685.1,1014.35,1699.45
2016-05-09,1921.55,1594.55,3516.1
2016-05-16,1006.35,,1006.35
2016-05-23,1694.55,2451.5,4146.05
2016-05-30,1097.0,1113.45,2210.45
2016-06-06,1229.1,2112.5,3341.6
2016-06-13,1153.3,3329.75,4483.05
2016-06-20,,,
2016-06-27,100.05,,100.05
2016-07-04,1062.2,1552.5,2614.7
2016-07-11,526.8,511.4,1038.1999999999998
2016-07-18,1446.1,,1446.1
2016-07-25,1106.45,2354.6,3461.05
2016-08-01,469.34999999999997,140.55,609.9
2016-08-08,1204.0,3041.15,4245.15
2016-08-15,1439.3,2956.1,4395.4
2016-08-22,1602.1,3009.15,4611.25
2016-08-29,1045.85,1089.6,2135.45
2016-09-05,1173.55,2066.3,3239.8500000000004
2016-09-12,1925.55,3417.75,5343.3
2016-09-19,1835.7,3259.85,5095.55
2016-09-26,934.0,2018.9,2952.9
2016-10-03,1416.65,1587.3,3003.95
2016-10-10,3485.7,4323.45,7809.15
2016-10-17,2179.7,3389.2,5568.9
2016-10-24,1803.95,3985.7,5789.65
2016-10-31,538.45,1080.2,1618.65
2016-11-07,1247.3,2718.0,3965.3
2016-11-14,1975.6,4430.45,6406.049999999999
2016-11-21,2267.45,3263.85,5531.299999999999
2016-11-28,747.8,781.35,1529.15
2016-12-05,1680.35,2514.35,4194.7
2016-12-12,2449.55,4240.2,6689.75
2016-12-19,2004.6499999999999,3215.6,5220.25
2016-12-26,2750.5,5063.4,7813.9
2017-01-02,2338.55,4304.55,6643.1
2017-01-09,2731.65,5722.95,8454.6
2017-01-16,1988.2,3484.5499999999997,5472.75
2017-01-23,2515.45,4172.4,6687.849999999999
2017-01-30,1585.75,2658.8,4244.55
2017-02-06,2878.25,4943.0,7821.25
2017-02-13,2431.55,4901.5,7333.05
2017-02-20,1601.25,3860.4,5461.65
2017-02-27,1237.65,2502.0,3739.65
2017-03-06,2691.8,3682.5,6374.3
2017-03-13,2241.55,4017.45,6259.0
2017-03-20,2003.3999999999999,3723.0,5726.4
2017-03-27,2356.75,3590.65,5947.4
2017-04-03,2646.1,4415.849999999999,7061.949999999999
2017-04-10,2925.95,4302.5,7228.45
2017-04-17,2410.8,3973.75,6384.55
2017-04-24,2373.7,3985.75,6359.45
2017-05-01,2017.7,3175.5,5193.2
2017-05-08,2188.3,4752.0,6940.3
2017-05-15,1665.55,4216.05,5881.6
2017-05-22,1968.1,3394.15,5362.25
2017-05-29,1719.6499999999999,3114.2999999999997,4833.95
2017-06-05,2305.15,3489.4,5794.55
2017-06-12,1792.8999999999999,3503.95,5296.849999999999
2017-06-19,2593.1,3897.2,6490.299999999999
2017-06-26,2608.0,3511.25,6119.25
2017-07-03,2123.0,2952.45,5075.45
2017-07-10,2780.7,4975.25,7755.95
2017-07-17,2381.7,3308.45,5690.15
2017-07-24,2676.75,3564.5499999999997,6241.299999999999
2017-07-31,2016.6,2768.6,4785.2
2017-08-07,2817.9,4677.6,7495.5
2017-08-14,2426.45,4149.0,6575.45
2017-08-21,2305.4,4234.8,6540.200000000001
2017-08-28,1781.6,1933.35,3714.95
2017-09-04,2828.85,4166.6,6995.450000000001
2017-09-11,3147.0,4763.55,7910.55
2017-09-18,4326.7,3789.5,8116.2
2017-09-25,2510.7,4297.4,6808.099999999999
2017-10-02,1876.7,3969.5,5846.2
2017-10-09,3682.7999999999997,6022.2,9705.0
2017-10-16,1987.2,3887.1,5874.3
2017-10-23,2285.5,4386.2,6671.7
2017-10-30,2225.15,4157.35,6382.5
2017-11-06,2543.5,3450.5499999999997,5994.049999999999
2017-11-13,2655.4,4294.55,6949.950000000001
2017-11-20,2845.45,4131.2,6976.65
2017-11-27,1563.6499999999999,2451.1,4014.75
2017-12-04,1983.7,4666.2,6649.9
2017-12-11,3141.9,4467.8,7609.700000000001
2017-12-18,3490.7,5639.5,9130.2
2017-12-25,3445.2,5151.05,8596.25
2018-01-01,2402.6,4524.55,6927.15
2018-01-08,3260.4,6320.75,9581.15
2018-01-15,2412.0,4119.0,6531.0
2018-01-22,2584.85,4628.4,7213.25
2018-01-29,3229.65,4806.75,8036.4
2018-02-05,2604.65,4363.95,6968.6
2018-02-12,2318.75,5192.6,7511.35
2018-02-19,2449.4,4731.2,7180.6
2018-02-26,2548.7,5857.599999999999,8406.3
2018-03-05,2825.7,4328.8,7154.5
2018-03-12,2444.5,3856.9,6301.4
2018-03-19,2352.75,3728.1,6080.85
2018-03-26,2524.0,4091.2999999999997,6615.299999999999
2018-04-02,1775.6499999999999,3486.7,5262.349999999999
2018-04-09,3136.7,2027.8999999999999,5164.599999999999
2018-04-16,2748.5,3049.6,5798.1
2018-04-23,1806.05,5248.7,7054.75
2018-04-30,4102.0,3465.2999999999997,7567.299999999999
2018-05-07,2973.2999999999997,4728.15,7701.449999999999
2018-05-14,1669.2,4123.2,5792.4
2018-05-21,2657.7999999999997,4117.25,6775.049999999999
2018-05-28,2321.15,3767.1,6088.25
2018-06-04,3116.25,5734.7,8850.95
2018-06-11,3449.0,5380.45,8829.45
2018-06-18,2243.3,3973.7,6217.0
2018-06-25,2019.45,4337.8,6357.25
2018-07-02,2276.0,4225.0,6501.0
2018-07-09,4449.25,5991.099999999999,10440.349999999999
2018-07-16,2208.4,3847.25,6055.65
2018-07-23,3354.0,4648.05,8002.05
2018-07-30,1670.2,2146.35,3816.55
2018-08-06,3426.7999999999997,6242.7,9669.5
2018-08-13,2755.5499999999997,4766.7,7522.25
2018-08-20,3202.85,4525.7,7728.549999999999
2018-08-27,2694.8,4247.55,6942.35
2018-09-03,2467.75,3942.5,6410.25
2018-09-10,4175.95,5613.4,9789.349999999999
2018-09-17,3465.6,4647.7,8113.299999999999
2018-09-24,3221.85,5288.95,8510.8
2018-10-01,2513.05,5368.15,7881.2
2018-10-08,3766.95,5626.2,9393.15
2018-10-15,3384.15,5193.599999999999,8577.75
2018-10-22,2942.2,4500.2,7442.4
2018-10-29,2568.8,3928.2999999999997,6497.1
2018-11-05,3255.65,4243.05,7498.700000000001
2018-11-12,3428.35,4366.6,7794.950000000001
2018-11-19,2858.45,4035.85,6894.299999999999
2018-11-26,2937.4,3150.2,6087.6
2018-12-03,2469.1,4141.45,6610.549999999999
2018-12-10,4316.9,5979.95,10296.849999999999
2018-12-17,3637.65,5745.4,9383.05
2018-12-24,3100.0,5220.85,8320.85
2018-12-31,5083.35,6689.05,11772.400000000001
2019-01-07,1046.55,1294.6499999999999,2341.2
2019-01-14,3003.2999999999997,4692.75,7696.049999999999
2019-01-21,3242.7999999999997,4260.5,7503.299999999999
2019-01-28,3636.2,6242.05,9878.25
2019-02-04,2090.6,3088.95,5179.549999999999
2019-02-11,3173.85,5477.099999999999,8650.949999999999
2019-02-18,3071.65,5296.7,8368.35
2019-02-25,1999.55,3998.0,5997.55
2019-03-04,1949.6499999999999,3487.6,5437.25
2019-03-11,2495.2,4190.0,6685.2
2019-03-18,3558.65,4250.0,7808.65
2019-03-25,4121.6,5710.45,9832.05
2019-04-01,3323.65,5450.75,8774.4
2019-04-08,1650.85,2368.2,4019.0499999999997
2019-04-15,3423.1,4422.6,7845.700000000001
2019-04-22,3376.45,4734.9,8111.349999999999
2019-04-29,4221.1,4631.4,8852.5
2019-05-06,1021.1999999999999,1258.8,2280.0
2019-05-13,4375.6,5129.85,9505.45
2019-05-20,3449.5,4972.9,8422.4
2019-05-27,2654.3,3716.0,6370.3
2019-06-03,3411.75,4170.7,7582.45
2019-06-10,2517.75,4618.45,7136.2
2019-06-17,3341.95,4257.65,7599.599999999999
2019-06-24,2951.1,4851.1,7802.200000000001
2019-07-01,2963.7,3524.1,6487.799999999999
2019-07-08,1137.0,1570.35,2707.35
2019-07-15,4267.7,4487.55,8755.25
2019-07-22,3623.1,4740.55,8363.65
2019-07-29,3136.25,3862.65,6998.9
2019-08-05,1227.2,2240.65,3467.8500000000004
2019-08-12,,,
2019-08-19,,,
2019-08-26,95.9,504.3,600.2
2019-09-02,2848.6,4971.3,7819.9
2019-09-09,,,
2019-09-16,,,
2019-09-23,,,
2019-09-30,2684.4,2911.65,5596.05
2019-10-07,161.5,355.8,517.3
2019-10-14,,,
2019-10-21,,,
2019-10-28,802.1999999999999,1266.1,2068.2999999999997
2019-11-04,2133.35,3289.85,5423.2
2019-11-11,,,
2019-11-18,,,
2019-11-25,702.7,1840.2,2542.9
2019-12-02,2918.9,3415.2,6334.1
